GROUP,PACKAGE,CLASS,INSTRUCTION_MISSED,INSTRUCTION_COVERED,BRANCH_MISSED,BRANCH_COVERED,LINE_MISSED,LINE_COVERED,COMPLEXITY_MISSED,COMPLEXITY_COVERED,METHOD_MISSED,METHOD_COVERED
ims,com.qa.ims.exceptions,CustomerNotFoundException,3,0,0,0,1,0,1,0,1,0
ims,com.qa.ims.controller,ItemController,0,109,0,2,0,29,0,7,0,6
ims,com.qa.ims.controller,Action,98,0,4,0,19,0,7,0,5,0
ims,com.qa.ims.controller,CustomerController,0,109,0,2,0,29,0,7,0,6
ims,com.qa.ims.controller,OrderController,39,100,1,3,11,27,2,7,1,6
ims,com.qa.ims,IMS,151,0,17,0,48,0,18,0,6,0
ims,com.qa.ims,Runner,16,0,0,0,6,0,3,0,3,0
ims,com.qa.ims.persistence.dao,CustomerDAO,57,176,0,2,21,46,0,10,0,9
ims,com.qa.ims.persistence.dao,OrderDAO,225,106,0,2,62,32,5,8,5,7
ims,com.qa.ims.persistence.dao,ItemDAO,62,174,0,2,24,43,0,10,0,9
ims,com.qa.ims.utils,DBUtils,19,159,1,3,7,35,2,12,1,11
ims,com.qa.ims.utils,Utils,59,3,4,0,25,1,7,1,5,1
ims,com.qa.ims.persistence.domain,Order,54,108,0,12,18,21,7,13,7,7
ims,com.qa.ims.persistence.domain,Domain,88,0,2,0,17,0,6,0,5,0
ims,com.qa.ims.persistence.domain,Item,3,179,0,30,2,48,1,26,1,11
ims,com.qa.ims.persistence.domain,Customer,0,176,0,30,0,48,0,26,0,11
